Power,Speedup (jy-msm vs wlc-msm-con),Speedup (jy-msm vs wlc-msm-bal),Speedup (jy-msm vs sppark)
2**1,2.6099315068493154,2.1965753424657533,0.9643835616438355
2**2,2.9726210350584306,2.4046744574290484,1.0297161936560935
2**3,2.992328120389496,2.612865151962231,0.9604603127766304
